answer_id,scenario_id,condition,rep,tok_in,tok_out,tok_total,n_calls,max_tokens,hit_max
CFL-01_A_1.json,CFL-01,A_SEPARATED_3ROUND,1,60158,16907,77065,7,2000,1
CFL-01_A_2.json,CFL-01,A_SEPARATED_3ROUND,2,49069,14496,63565,7,2000,1
CFL-01_A_3.json,CFL-01,A_SEPARATED_3ROUND,3,41358,14399,55757,7,4000,1
CFL-01_B_1.json,CFL-01,B_UNIFIED_3STEP,1,6970,4746,11716,3,2000,1
CFL-01_B_2.json,CFL-01,B_UNIFIED_3STEP,2,6955,4528,11483,3,2000,1
CFL-01_B_3.json,CFL-01,B_UNIFIED_3STEP,3,12294,6412,18706,3,2000,1
CFL-01_C_1.json,CFL-01,C_UNIFIED_3ROUND_FORMAT,1,18778,8341,27119,4,2000,1
CFL-01_C_2.json,CFL-01,C_UNIFIED_3ROUND_FORMAT,2,32818,12306,45124,4,2000,1
CFL-01_C_3.json,CFL-01,C_UNIFIED_3ROUND_FORMAT,3,33932,12553,46485,4,2000,1
CFL-02_A_1.json,CFL-02,A_SEPARATED_3ROUND,1,48555,12920,61475,7,2000,1
CFL-02_A_2.json,CFL-02,A_SEPARATED_3ROUND,2,51086,13216,64302,7,2000,1
CFL-02_A_3.json,CFL-02,A_SEPARATED_3ROUND,3,50906,13862,64768,7,2000,1
CFL-02_B_1.json,CFL-02,B_UNIFIED_3STEP,1,6039,3923,9962,3,2000,1
CFL-02_B_2.json,CFL-02,B_UNIFIED_3STEP,2,6442,3876,10318,3,2000,1
CFL-02_B_3.json,CFL-02,B_UNIFIED_3STEP,3,6682,4205,10887,3,2000,1
CFL-02_C_1.json,CFL-02,C_UNIFIED_3ROUND_FORMAT,1,32525,12378,44903,4,2000,1
CFL-02_C_2.json,CFL-02,C_UNIFIED_3ROUND_FORMAT,2,32943,12087,45030,4,2000,1
CFL-02_C_3.json,CFL-02,C_UNIFIED_3ROUND_FORMAT,3,26088,9999,36087,4,2000,1
CFL-04_A_1.json,CFL-04,A_SEPARATED_3ROUND,1,43141,15791,58932,7,4000,1
CFL-04_A_2.json,CFL-04,A_SEPARATED_3ROUND,2,38186,15131,53317,7,4000,1
CFL-04_A_3.json,CFL-04,A_SEPARATED_3ROUND,3,28997,11326,40323,7,4000,1
CFL-04_B_1.json,CFL-04,B_UNIFIED_3STEP,1,6701,4354,11055,3,2000,1
CFL-04_B_2.json,CFL-04,B_UNIFIED_3STEP,2,6515,4074,10589,3,2000,1
CFL-04_B_3.json,CFL-04,B_UNIFIED_3STEP,3,6298,3923,10221,3,2000,1
CFL-04_C_1.json,CFL-04,C_UNIFIED_3ROUND_FORMAT,1,36118,13027,49145,4,2000,1
CFL-04_C_2.json,CFL-04,C_UNIFIED_3ROUND_FORMAT,2,22790,8449,31239,4,2000,1
CFL-04_C_3.json,CFL-04,C_UNIFIED_3ROUND_FORMAT,3,21826,7729,29555,4,2000,1
CFL-05_A_1.json,CFL-05,A_SEPARATED_3ROUND,1,48060,13919,61979,7,2000,1
CFL-05_A_2.json,CFL-05,A_SEPARATED_3ROUND,2,52408,15230,67638,7,2000,1
CFL-05_A_3.json,CFL-05,A_SEPARATED_3ROUND,3,62383,16912,79295,7,2000,1
CFL-05_B_1.json,CFL-05,B_UNIFIED_3STEP,1,6182,3722,9904,3,2000,1
CFL-05_B_2.json,CFL-05,B_UNIFIED_3STEP,2,6317,3900,10217,3,2000,1
CFL-05_B_3.json,CFL-05,B_UNIFIED_3STEP,3,5881,3672,9553,3,2000,1
CFL-05_C_1.json,CFL-05,C_UNIFIED_3ROUND_FORMAT,1,26695,10794,37489,4,2000,1
CFL-05_C_2.json,CFL-05,C_UNIFIED_3ROUND_FORMAT,2,26427,10180,36607,4,2000,1
CFL-05_C_3.json,CFL-05,C_UNIFIED_3ROUND_FORMAT,3,32493,12047,44540,4,2000,1
CFL-06_A_1.json,CFL-06,A_SEPARATED_3ROUND,1,28664,9642,38306,7,2000,1
CFL-06_A_2.json,CFL-06,A_SEPARATED_3ROUND,2,53518,15418,68936,7,2000,1
CFL-06_A_3.json,CFL-06,A_SEPARATED_3ROUND,3,30304,12126,42430,7,4000,1
CFL-06_B_1.json,CFL-06,B_UNIFIED_3STEP,1,6565,4076,10641,3,2000,1
CFL-06_B_2.json,CFL-06,B_UNIFIED_3STEP,2,5978,3460,9438,3,2000,1
CFL-06_B_3.json,CFL-06,B_UNIFIED_3STEP,3,6261,3789,10050,3,2000,1
CFL-06_C_1.json,CFL-06,C_UNIFIED_3ROUND_FORMAT,1,25807,10794,36601,4,2000,1
CFL-06_C_2.json,CFL-06,C_UNIFIED_3ROUND_FORMAT,2,28511,11829,40340,4,2000,1
CFL-06_C_3.json,CFL-06,C_UNIFIED_3ROUND_FORMAT,3,21333,7806,29139,4,2000,1
CFL-08_A_1.json,CFL-08,A_SEPARATED_3ROUND,1,49730,13677,63407,7,2000,1
CFL-08_A_2.json,CFL-08,A_SEPARATED_3ROUND,2,55852,15812,71664,7,2000,1
CFL-08_A_3.json,CFL-08,A_SEPARATED_3ROUND,3,37559,14051,51610,7,4000,1
CFL-08_B_1.json,CFL-08,B_UNIFIED_3STEP,1,6555,4339,10894,3,2000,1
CFL-08_B_2.json,CFL-08,B_UNIFIED_3STEP,2,6015,3584,9599,3,2000,1
CFL-08_B_3.json,CFL-08,B_UNIFIED_3STEP,3,21266,8253,29519,3,2000,1
CFL-08_C_1.json,CFL-08,C_UNIFIED_3ROUND_FORMAT,1,25886,10743,36629,4,2000,1
CFL-08_C_2.json,CFL-08,C_UNIFIED_3ROUND_FORMAT,2,24963,10352,35315,4,2000,1
CFL-08_C_3.json,CFL-08,C_UNIFIED_3ROUND_FORMAT,3,17926,7675,25601,4,2000,1
CFL-09_A_1.json,CFL-09,A_SEPARATED_3ROUND,1,47030,13146,60176,7,2000,1
CFL-09_A_2.json,CFL-09,A_SEPARATED_3ROUND,2,67955,19207,87162,7,2000,1
CFL-09_A_3.json,CFL-09,A_SEPARATED_3ROUND,3,49991,14021,64012,7,2000,1
CFL-09_B_1.json,CFL-09,B_UNIFIED_3STEP,1,6278,3818,10096,3,2000,1
CFL-09_B_2.json,CFL-09,B_UNIFIED_3STEP,2,6089,3718,9807,3,2000,1
CFL-09_B_3.json,CFL-09,B_UNIFIED_3STEP,3,6470,3930,10400,3,2000,1
CFL-09_C_1.json,CFL-09,C_UNIFIED_3ROUND_FORMAT,1,31363,11651,43014,4,2000,1
CFL-09_C_2.json,CFL-09,C_UNIFIED_3ROUND_FORMAT,2,21221,7939,29160,4,2000,1
CFL-09_C_3.json,CFL-09,C_UNIFIED_3ROUND_FORMAT,3,13536,6091,19627,4,2000,1
CFL-10_A_1.json,CFL-10,A_SEPARATED_3ROUND,1,47605,12784,60389,7,2000,1
CFL-10_A_2.json,CFL-10,A_SEPARATED_3ROUND,2,48879,13517,62396,7,2000,1
CFL-10_A_3.json,CFL-10,A_SEPARATED_3ROUND,3,28472,10652,39124,7,4000,1
CFL-10_B_1.json,CFL-10,B_UNIFIED_3STEP,1,6106,3827,9933,3,2000,1
CFL-10_B_2.json,CFL-10,B_UNIFIED_3STEP,2,6776,4503,11279,3,2000,1
CFL-10_B_3.json,CFL-10,B_UNIFIED_3STEP,3,6313,3888,10201,3,2000,1
CFL-10_C_1.json,CFL-10,C_UNIFIED_3ROUND_FORMAT,1,34184,12376,46560,4,2000,1
CFL-10_C_2.json,CFL-10,C_UNIFIED_3ROUND_FORMAT,2,21884,8222,30106,4,2000,1
CFL-10_C_3.json,CFL-10,C_UNIFIED_3ROUND_FORMAT,3,21150,7965,29115,4,2000,1
COL-02_A_1.json,COL-02,A_SEPARATED_3ROUND,1,32405,14049,46454,7,4000,1
COL-02_A_2.json,COL-02,A_SEPARATED_3ROUND,2,41240,16521,57761,7,4000,1
COL-02_A_3.json,COL-02,A_SEPARATED_3ROUND,3,51581,18564,70145,7,4000,1
COL-02_B_1.json,COL-02,B_UNIFIED_3STEP,1,6244,4378,10622,3,2000,1
COL-02_B_2.json,COL-02,B_UNIFIED_3STEP,2,9856,6425,16281,3,2000,1
COL-02_B_3.json,COL-02,B_UNIFIED_3STEP,3,6215,4354,10569,3,2000,1
COL-02_C_1.json,COL-02,C_UNIFIED_3ROUND_FORMAT,1,33939,12599,46538,4,2000,1
COL-02_C_2.json,COL-02,C_UNIFIED_3ROUND_FORMAT,2,45043,14729,59772,4,2000,1
COL-02_C_3.json,COL-02,C_UNIFIED_3ROUND_FORMAT,3,34044,12204,46248,4,2000,1
COL-06_A_1.json,COL-06,A_SEPARATED_3ROUND,1,28797,11579,40376,7,4000,1
COL-06_A_2.json,COL-06,A_SEPARATED_3ROUND,2,29603,12205,41808,7,4000,1
COL-06_A_3.json,COL-06,A_SEPARATED_3ROUND,3,29248,11114,40362,7,4000,1
COL-06_B_1.json,COL-06,B_UNIFIED_3STEP,1,6242,3808,10050,3,2000,1
COL-06_B_2.json,COL-06,B_UNIFIED_3STEP,2,6492,3945,10437,3,2000,1
COL-06_B_3.json,COL-06,B_UNIFIED_3STEP,3,6092,3914,10006,3,2000,1
COL-06_C_1.json,COL-06,C_UNIFIED_3ROUND_FORMAT,1,34092,12658,46750,4,2000,1
COL-06_C_2.json,COL-06,C_UNIFIED_3ROUND_FORMAT,2,28304,10715,39019,4,2000,1
COL-06_C_3.json,COL-06,C_UNIFIED_3ROUND_FORMAT,3,21963,8215,30178,4,2000,1
IND-01_A_1.json,IND-01,A_SEPARATED_3ROUND,1,43013,15129,58142,7,4000,1
IND-01_A_2.json,IND-01,A_SEPARATED_3ROUND,2,60379,17877,78256,7,2000,1
IND-01_A_3.json,IND-01,A_SEPARATED_3ROUND,3,28756,11493,40249,7,4000,1
IND-01_B_1.json,IND-01,B_UNIFIED_3STEP,1,5397,2864,8261,3,2000,1
IND-01_B_2.json,IND-01,B_UNIFIED_3STEP,2,5941,3769,9710,3,2000,1
IND-01_B_3.json,IND-01,B_UNIFIED_3STEP,3,5924,3539,9463,3,2000,1
IND-01_C_1.json,IND-01,C_UNIFIED_3ROUND_FORMAT,1,20062,7621,27683,4,2000,1
IND-01_C_2.json,IND-01,C_UNIFIED_3ROUND_FORMAT,2,32574,12273,44847,4,2000,1
IND-01_C_3.json,IND-01,C_UNIFIED_3ROUND_FORMAT,3,24490,9957,34447,4,2000,1
IND-07_A_1.json,IND-07,A_SEPARATED_3ROUND,1,27779,11599,39378,7,4000,1
IND-07_A_2.json,IND-07,A_SEPARATED_3ROUND,2,62990,18288,81278,7,2000,1
IND-07_A_3.json,IND-07,A_SEPARATED_3ROUND,3,50672,15452,66124,7,2000,1
IND-07_B_1.json,IND-07,B_UNIFIED_3STEP,1,6515,4255,10770,3,2000,1
IND-07_B_2.json,IND-07,B_UNIFIED_3STEP,2,5904,3955,9859,3,2000,1
IND-07_B_3.json,IND-07,B_UNIFIED_3STEP,3,6190,4257,10447,3,2000,1
IND-07_C_1.json,IND-07,C_UNIFIED_3ROUND_FORMAT,1,26961,10847,37808,4,2000,1
IND-07_C_2.json,IND-07,C_UNIFIED_3ROUND_FORMAT,2,31521,11667,43188,4,2000,1
IND-07_C_3.json,IND-07,C_UNIFIED_3ROUND_FORMAT,3,26866,11038,37904,4,2000,1
